audio_path,transcript,source_audio,start_ms,end_ms,speakers,word_langids,language_counts,utterance_ids
processed_indonesia/ten_clip_preview/01_segments/jember_001_0001.wav,Oke. Bismillahirrahmanirrahim.,indonesian_data/Jember Javanese Spontaneous Speech Corpus/mp3 audio/1.mp3,0,3000,unknown,"[{""word"": ""Oke."", ""langid"": ""other""}, {""word"": ""Bismillahirrahmanirrahim."", ""langid"": ""other""}]","{""other"": 2}","[""jember:1:1""]"
processed_indonesia/ten_clip_preview/01_segments/jember_001_0002.wav,"Langsung ae ya, aja suwi-suwi.",indonesian_data/Jember Javanese Spontaneous Speech Corpus/mp3 audio/1.mp3,3000,5000,unknown,"[{""word"": ""Langsung"", ""langid"": ""other""}, {""word"": ""ae"", ""langid"": ""other""}, {""word"": ""ya,"", ""langid"": ""other""}, {""word"": ""aja"", ""langid"": ""other""}, {""word"": ""suwi-suwi."", ""langid"": ""other""}]","{""other"": 5}","[""jember:1:2""]"
processed_indonesia/ten_clip_preview/01_segments/jember_001_0003.wav,Soale aku sibuk.,indonesian_data/Jember Javanese Spontaneous Speech Corpus/mp3 audio/1.mp3,5000,7000,unknown,"[{""word"": ""Soale"", ""langid"": ""other""}, {""word"": ""aku"", ""langid"": ""other""}, {""word"": ""sibuk."", ""langid"": ""other""}]","{""other"": 3}","[""jember:1:3""]"
processed_indonesia/ten_clip_preview/01_segments/jember_001_0004.wav,Nèngdi tempat wisata alam populer nèng Indonesia?,indonesian_data/Jember Javanese Spontaneous Speech Corpus/mp3 audio/1.mp3,7000,10000,unknown,"[{""word"": ""Nèngdi"", ""langid"": ""other""}, {""word"": ""tempat"", ""langid"": ""other""}, {""word"": ""wisata"", ""langid"": ""other""}, {""word"": ""alam"", ""langid"": ""other""}, {""word"": ""populer"", ""langid"": ""other""}, {""word"": ""nèng"", ""langid"": ""other""}, {""word"": ""Indonesia?"", ""langid"": ""other""}]","{""other"": 7}","[""jember:1:4""]"
processed_indonesia/ten_clip_preview/01_segments/jember_001_0005.wav,Akèh sih.,indonesian_data/Jember Javanese Spontaneous Speech Corpus/mp3 audio/1.mp3,10000,11000,unknown,"[{""word"": ""Akèh"", ""langid"": ""other""}, {""word"": ""sih."", ""langid"": ""other""}]","{""other"": 2}","[""jember:1:5""]"
processed_indonesia/ten_clip_preview/01_segments/jember_001_0006.wav,Indonesia wakèh.,indonesian_data/Jember Javanese Spontaneous Speech Corpus/mp3 audio/1.mp3,11000,13000,unknown,"[{""word"": ""Indonesia"", ""langid"": ""other""}, {""word"": ""wakèh."", ""langid"": ""other""}]","{""other"": 2}","[""jember:1:6""]"
processed_indonesia/ten_clip_preview/01_segments/jember_001_0007.wav,Cek akène.,indonesian_data/Jember Javanese Spontaneous Speech Corpus/mp3 audio/1.mp3,13000,16000,unknown,"[{""word"": ""Cek"", ""langid"": ""other""}, {""word"": ""akène."", ""langid"": ""other""}]","{""other"": 2}","[""jember:1:7""]"
processed_indonesia/ten_clip_preview/01_segments/jember_001_0008.wav,"Salah sijine iki, nèng Jember akèh.",indonesian_data/Jember Javanese Spontaneous Speech Corpus/mp3 audio/1.mp3,16000,18000,unknown,"[{""word"": ""Salah"", ""langid"": ""other""}, {""word"": ""sijine"", ""langid"": ""other""}, {""word"": ""iki,"", ""langid"": ""other""}, {""word"": ""nèng"", ""langid"": ""other""}, {""word"": ""Jember"", ""langid"": ""other""}, {""word"": ""akèh."", ""langid"": ""other""}]","{""other"": 6}","[""jember:1:8""]"
processed_indonesia/ten_clip_preview/01_segments/jember_001_0009.wav,Gunung Gambir.,indonesian_data/Jember Javanese Spontaneous Speech Corpus/mp3 audio/1.mp3,18000,20000,unknown,"[{""word"": ""Gunung"", ""langid"": ""other""}, {""word"": ""Gambir."", ""langid"": ""other""}]","{""other"": 2}","[""jember:1:9""]"
processed_indonesia/ten_clip_preview/01_segments/jember_001_0010.wav,"Apa manèh begunung-begunung, akèh.",indonesian_data/Jember Javanese Spontaneous Speech Corpus/mp3 audio/1.mp3,20000,23000,unknown,"[{""word"": ""Apa"", ""langid"": ""other""}, {""word"": ""manèh"", ""langid"": ""other""}, {""word"": ""begunung-begunung,"", ""langid"": ""other""}, {""word"": ""akèh."", ""langid"": ""other""}]","{""other"": 4}","[""jember:1:10""]"
